{
  "_generated": "Generated by SweetTooth, do not edit",
  "description": "Adds AppIndicator, KStatusNotifierItem and legacy Tray icons support to the Shell",
  "gettext-domain": "AppIndicatorExtension",
  "name": "AppIndicator and KStatusNotifierItem Support",
  "settings-schema": "org.gnome.shell.extensions.appindicator",
  "shell-version": [
    "45"
  ],
  "url": "https://github.com/ubuntu/gnome-shell-extension-appindicator",
  "uuid": "appindicatorsupport@rgcjonas.gmail.com",
  "version": 57
}