{
  "_generated": "Generated by SweetTooth, do not edit",
  "description": "Fully customize your OSD ( On Screen Display ) pop ups like Volume , Brightness or Caffeine , Lock Keys etc. Move, orient, resize, numeric %, choose monitor, set hide-delay and style to match your theme and liking. You can also select any combination of components to display: icon, text-label, level-bar, numeric %. ",
  "donations": {
    "buymeacoffee": "neuromorph"
  },
  "gettext-domain": "custom-osd",
  "name": "Custom OSD",
  "settings-schema": "org.gnome.shell.extensions.custom-osd",
  "shell-version": [
    "45"
  ],
  "url": "https://github.com/neuromorph/custom-osd",
  "uuid": "custom-osd@neuromorph",
  "version": 23
}