{
  "_generated": "Generated by SweetTooth, do not edit",
  "description": "Tweak Tool to Customize GNOME Shell, Change the Behavior and Disable UI Elements",
  "donations": {
    "patreon": "justperfection"
  },
  "gettext-domain": "just-perfection",
  "name": "Just Perfection",
  "settings-schema": "org.gnome.shell.extensions.just-perfection",
  "shell-version": [
    "45"
  ],
  "url": "https://gitlab.gnome.org/jrahmatzadeh/just-perfection",
  "uuid": "just-perfection-desktop@just-perfection",
  "version": 27
}