{
  "_generated": "Generated by SweetTooth, do not edit",
  "description": "Display the current weather inside the pill next to the clock. GNOME Weather is required for this extension to work.",
  "donations": {
    "github": "CleoMenezesJr",
    "kofi": "cleomenezesjr",
    "paypal": "CleoMenezesJr"
  },
  "name": "Weather O'Clock",
  "original-author": "JasonLG1979@github.io",
  "shell-version": [
    "45"
  ],
  "url": "https://github.com/CleoMenezesJr/weather-oclock",
  "uuid": "weatheroclock@CleoMenezesJr.github.io",
  "version": 11
}