{
  "_generated": "Generated by SweetTooth, do not edit",
  "description": "Gnome Shell Extension to visualize headset status from HeadsetControl (https://github.com/Sapd/HeadsetControl) command line tool",
  "donations": {
    "github": "ChrisLauinger77",
    "paypal": "ChrisLauinger"
  },
  "gettext-domain": "HeadsetControl",
  "name": "HeadsetControl",
  "settings-schema": "org.gnome.shell.extensions.HeadsetControl",
  "shell-version": [
    "45"
  ],
  "url": "https://github.com/ChrisLauinger77/gnome-shell-extension-HeadsetControl",
  "uuid": "HeadsetControl@lauinger-clan.de",
  "version": 24
}