{"NoEffect-Glass":{"size":16.0,"shadow":true,"bradius":100.0,"bgcolor2":["0.75","0.40","0.95","1.0"],"bg-effect":"none","delay":1500.0,"osd-nolevel":{"icon-nolevel":true,"label-nolevel":true},"alpha":30.0,"clock-osd":[""],"font":"","color":["1","1","1","1"],"rotate":false,"border":false,"osd-nolabel":{"icon-nolabel":true,"level-nolabel":true,"numeric-nolabel":true},"monitors":"all","bgcolor":["0.8705882430076599","0.8666666746139526","0.8549019694328308","1"],"osd-all":{"icon-all":true,"label-all":true,"level-all":true,"numeric-all":true},"horizontal":50.0,"gradient-direction":"horizontal","vertical":45.199999999999932},"Pseudo Glass":{"size":20.0,"shadow":true,"bradius":100.0,"bgcolor2":["0.75","0.40","0.95","1.0"],"bg-effect":"glass","delay":1500.0,"osd-nolevel":{"icon-nolevel":true,"label-nolevel":true},"alpha":20.0,"clock-osd":[""],"font":"","color":["1","1","1","1"],"rotate":false,"border":true,"osd-nolabel":{"icon-nolabel":true,"level-nolabel":true,"numeric-nolabel":true},"monitors":"all","bgcolor":["0","0","0","1"],"osd-all":{"icon-all":true,"label-all":true,"level-all":true,"numeric-all":true},"horizontal":0.0,"gradient-direction":"horizontal","vertical":44.999999999999929},"Gradient":{"size":15.0,"shadow":false,"bradius":100.0,"bgcolor2":["0.75","0.40","0.95","1.0"],"bg-effect":"gradient","delay":1500.0,"osd-nolevel":{"icon-nolevel":true,"label-nolevel":true},"alpha":95.0,"clock-osd":[""],"font":"","color":["1","1","1","1"],"rotate":false,"border":true,"osd-nolabel":{"icon-nolabel":true,"level-nolabel":true,"numeric-nolabel":true},"monitors":"all","bgcolor":["0.06361109763383865","0.7353444695472717","0.7633333206176758","1"],"osd-all":{"icon-all":true,"label-all":true,"level-all":true,"numeric-all":true},"horizontal":0.0,"gradient-direction":"horizontal","vertical":44.999999999999929},"Minimal":{"size":15.0,"shadow":true,"bradius":100.0,"bgcolor2":["0.75","0.40","0.95","1.0"],"bg-effect":"none","delay":1500.0,"osd-nolevel":{"icon-nolevel":true,"label-nolevel":true},"alpha":90.0,"clock-osd":[""],"font":"","color":["1.0","1.0","1.0","1.0"],"rotate":true,"border":false,"osd-nolabel":{"icon-nolabel":true,"level-nolabel":false,"numeric-nolabel":true},"monitors":"all","bgcolor":["0.0","0.73","0.73","1.0"],"osd-all":{"icon-all":true,"label-all":false,"level-all":false,"numeric-all":true},"horizontal":49.799999999999997,"gradient-direction":"horizontal","vertical":45.199999999999932},"Dynamic Blur":{"size":16.0,"shadow":false,"bradius":13.0,"bgcolor2":["0.75","0.40","0.95","1.0"],"bg-effect":"dynamic-blur","delay":1500.0,"osd-nolevel":{"icon-nolevel":true,"label-nolevel":true},"alpha":0.0,"clock-osd":[""],"font":"","color":["1.0","1.0","1.0","1.0"],"rotate":false,"border":true,"osd-nolabel":{"icon-nolabel":true,"level-nolabel":true,"numeric-nolabel":true},"monitors":"all","bgcolor":["0.0","0.73","0.73","1.0"],"osd-all":{"icon-all":true,"label-all":true,"level-all":true,"numeric-all":true},"horizontal":0.0,"gradient-direction":"horizontal","vertical":45.0},"Birdie Gray":{"size":15.0,"shadow":true,"bradius":-100.0,"bgcolor2":["0.46666666865348816","0.4627451002597809","0.48235294222831726","1"],"bg-effect":"gradient","delay":1500.0,"osd-nolevel":{"icon-nolevel":true,"label-nolevel":true},"alpha":85.0,"clock-osd":[""],"font":"","color":["1","1","1","1"],"rotate":true,"border":true,"osd-nolabel":{"icon-nolabel":true,"level-nolabel":true,"numeric-nolabel":true},"monitors":"all","bgcolor":["0.1411764770746231","0.12156862765550613","0.1921568661928177","1"],"osd-all":{"icon-all":true,"label-all":true,"level-all":true,"numeric-all":true},"horizontal":49.799999999999997,"gradient-direction":"horizontal","vertical":44.599999999999923},"Birdie Cyan":{"size":15.0,"shadow":false,"bradius":-100.0,"bgcolor2":["0.03893335536122322","0.8425174951553345","0.9733333587646484","1"],"bg-effect":"gradient","delay":1500.0,"osd-nolevel":{"icon-nolevel":true,"label-nolevel":true},"alpha":80.0,"clock-osd":[""],"font":"","color":["1","1","1","1"],"rotate":true,"border":true,"osd-nolabel":{"icon-nolabel":true,"level-nolabel":true,"numeric-nolabel":true},"monitors":"all","bgcolor":["0.024933336302638054","0.38170409202575684","0.4399999976158142","1"],"osd-all":{"icon-all":true,"label-all":true,"level-all":true,"numeric-all":true},"horizontal":49.799999999999997,"gradient-direction":"horizontal","vertical":44.599999999999923},"Wireframe":{"size":15.0,"shadow":true,"bradius":100.0,"bgcolor2":["0.03893335536122322","0.8425174951553345","0.9733333587646484","1"],"bg-effect":"none","delay":1500.0,"osd-nolevel":{"icon-nolevel":true,"label-nolevel":true},"alpha":15.0,"clock-osd":[""],"font":"","color":["1","1","1","1"],"rotate":false,"border":true,"osd-nolabel":{"icon-nolabel":true,"level-nolabel":true,"numeric-nolabel":true},"monitors":"all","bgcolor":["0.1411764770746231","0.12156862765550613","0.1921568661928177","1"],"osd-all":{"icon-all":true,"label-all":true,"level-all":true,"numeric-all":true},"horizontal":49.799999999999997,"gradient-direction":"horizontal","vertical":49.199999999999989}}
